 > Series Values,,,,,
,,,,,
Period,Value,Simple Growth Rate %,Y-o-Y Change %,Annual % Rate,Type
Apr-30-2021,6.1,NM,NM,NM,Actual
Mar-31-2021,6,NM,NM,NM,Actual
Feb-28-2021,6.2,NM,NM,NM,Actual
Jan-31-2021,6.3,NM,NM,NM,Actual
Dec-31-2020,6.7,NM,NM,NM,Actual
Nov-30-2020,6.7,NM,NM,NM,Actual
Oct-31-2020,6.9,NM,NM,NM,Actual
Sep-30-2020,7.8,NM,NM,NM,Actual
Aug-31-2020,8.4,NM,NM,NM,Actual
Jul-31-2020,10.2,NM,NM,NM,Actual
Jun-30-2020,11.1,NM,NM,NM,Actual
May-31-2020,13.3,NM,NM,NM,Actual
Apr-30-2020,14.8,NM,NM,NM,Actual
Mar-31-2020,4.4,NM,NM,NM,Actual
Feb-29-2020,3.5,NM,NM,NM,Actual
Jan-31-2020,3.5,NM,NM,NM,Actual
Dec-31-2019,3.6,NM,NM,NM,Actual
Nov-30-2019,3.6,NM,NM,NM,Actual
Oct-31-2019,3.6,NM,NM,NM,Actual
Sep-30-2019,3.5,NM,NM,NM,Actual
Aug-31-2019,3.7,NM,NM,NM,Actual
Jul-31-2019,3.6,NM,NM,NM,Actual
Jun-30-2019,3.6,NM,NM,NM,Actual
May-31-2019,3.7,NM,NM,NM,Actual
Apr-30-2019,3.7,NM,NM,NM,Actual
Mar-31-2019,3.8,NM,NM,NM,Actual
Feb-28-2019,3.8,NM,NM,NM,Actual
Jan-31-2019,4,NM,NM,NM,Actual
Dec-31-2018,3.9,NM,NM,NM,Actual
Nov-30-2018,3.8,NM,NM,NM,Actual
Oct-31-2018,3.8,NM,NM,NM,Actual
Sep-30-2018,3.7,NM,NM,NM,Actual
Aug-31-2018,3.8,NM,NM,NM,Actual
Jul-31-2018,3.8,NM,NM,NM,Actual
Jun-30-2018,4,NM,NM,NM,Actual
May-31-2018,3.8,NM,NM,NM,Actual
Apr-30-2018,4,NM,NM,NM,Actual
Mar-31-2018,4,NM,NM,NM,Actual
Feb-28-2018,4.1,NM,NM,NM,Actual
Jan-31-2018,4,NM,NM,NM,Actual
Dec-31-2017,4.1,NM,NM,NM,Actual
Nov-30-2017,4.2,NM,NM,NM,Actual
Oct-31-2017,4.1,NM,NM,NM,Actual
Sep-30-2017,4.2,NM,NM,NM,Actual
Aug-31-2017,4.4,NM,NM,NM,Actual
Jul-31-2017,4.3,NM,NM,NM,Actual
Jun-30-2017,4.3,NM,NM,NM,Actual
May-31-2017,4.4,NM,NM,NM,Actual
Apr-30-2017,4.5,NM,NM,NM,Actual
Mar-31-2017,4.4,NM,NM,NM,Actual
Feb-28-2017,4.6,NM,NM,NM,Actual
Jan-31-2017,4.7,NM,NM,NM,Actual
Dec-31-2016,4.7,NM,NM,NM,Actual
Nov-30-2016,4.7,NM,NM,NM,Actual
Oct-31-2016,4.9,NM,NM,NM,Actual
Sep-30-2016,5,NM,NM,NM,Actual
Aug-31-2016,4.9,NM,NM,NM,Actual
Jul-31-2016,4.8,NM,NM,NM,Actual
Jun-30-2016,4.9,NM,NM,NM,Actual
May-31-2016,4.8,NM,NM,NM,Actual
Apr-30-2016,5.1,NM,NM,NM,Actual
Mar-31-2016,5,NM,NM,NM,Actual
Feb-29-2016,4.9,NM,NM,NM,Actual
Jan-31-2016,4.8,NM,NM,NM,Actual
Dec-31-2015,5,NM,NM,NM,Actual
Nov-30-2015,5.1,NM,NM,NM,Actual
Oct-31-2015,5,NM,NM,NM,Actual
Sep-30-2015,5,NM,NM,NM,Actual
Aug-31-2015,5.1,NM,NM,NM,Actual
Jul-31-2015,5.2,NM,NM,NM,Actual
Jun-30-2015,5.3,NM,NM,NM,Actual
May-31-2015,5.6,NM,NM,NM,Actual
Apr-30-2015,5.4,NM,NM,NM,Actual
Mar-31-2015,5.4,NM,NM,NM,Actual
Feb-28-2015,5.5,NM,NM,NM,Actual
Jan-31-2015,5.7,NM,NM,NM,Actual
Dec-31-2014,5.6,NM,NM,NM,Actual
Nov-30-2014,5.8,NM,NM,NM,Actual
Oct-31-2014,5.7,NM,NM,NM,Actual
Sep-30-2014,5.9,NM,NM,NM,Actual
Aug-31-2014,6.1,NM,NM,NM,Actual
Jul-31-2014,6.2,NM,NM,NM,Actual
Jun-30-2014,6.1,NM,NM,NM,Actual
May-31-2014,6.3,NM,NM,NM,Actual
Apr-30-2014,6.2,NM,NM,NM,Actual
Mar-31-2014,6.7,NM,NM,NM,Actual
Feb-28-2014,6.7,NM,NM,NM,Actual
Jan-31-2014,6.6,NM,NM,NM,Actual
Dec-31-2013,6.7,NM,NM,NM,Actual
Nov-30-2013,6.9,NM,NM,NM,Actual
Oct-31-2013,7.2,NM,NM,NM,Actual
Sep-30-2013,7.2,NM,NM,NM,Actual
Aug-31-2013,7.2,NM,NM,NM,Actual
Jul-31-2013,7.3,NM,NM,NM,Actual
Jun-30-2013,7.5,NM,NM,NM,Actual
May-31-2013,7.5,NM,NM,NM,Actual
Apr-30-2013,7.6,NM,NM,NM,Actual
Mar-31-2013,7.5,NM,NM,NM,Actual
Feb-28-2013,7.7,NM,NM,NM,Actual
Jan-31-2013,8,NM,NM,NM,Actual
Dec-31-2012,7.9,NM,NM,NM,Actual
Nov-30-2012,7.7,NM,NM,NM,Actual
Oct-31-2012,7.8,NM,NM,NM,Actual
Sep-30-2012,7.8,NM,NM,NM,Actual
Aug-31-2012,8.1,NM,NM,NM,Actual
Jul-31-2012,8.2,NM,NM,NM,Actual
Jun-30-2012,8.2,NM,NM,NM,Actual
May-31-2012,8.2,NM,NM,NM,Actual
Apr-30-2012,8.2,NM,NM,NM,Actual
Mar-31-2012,8.2,NM,NM,NM,Actual
Feb-29-2012,8.3,NM,NM,NM,Actual
Jan-31-2012,8.3,NM,NM,NM,Actual
Dec-31-2011,8.5,NM,NM,NM,Actual
Nov-30-2011,8.6,NM,NM,NM,Actual
Oct-31-2011,8.8,NM,NM,NM,Actual
Sep-30-2011,9,NM,NM,NM,Actual
Aug-31-2011,9,NM,NM,NM,Actual
Jul-31-2011,9,NM,NM,NM,Actual
Jun-30-2011,9.1,NM,NM,NM,Actual
May-31-2011,9,NM,NM,NM,Actual
Apr-30-2011,9.1,NM,NM,NM,Actual
Mar-31-2011,9,NM,NM,NM,Actual
Feb-28-2011,9,NM,NM,NM,Actual
Jan-31-2011,9.1,NM,NM,NM,Actual
Dec-31-2010,9.3,NM,NM,NM,Actual
Nov-30-2010,9.8,NM,NM,NM,Actual
Oct-31-2010,9.4,NM,NM,NM,Actual
Sep-30-2010,9.5,NM,NM,NM,Actual
Aug-31-2010,9.5,NM,NM,NM,Actual
Jul-31-2010,9.4,NM,NM,NM,Actual
Jun-30-2010,9.4,NM,NM,NM,Actual
May-31-2010,9.6,NM,NM,NM,Actual
Apr-30-2010,9.9,NM,NM,NM,Actual
Mar-31-2010,9.9,NM,NM,NM,Actual
Feb-28-2010,9.8,NM,NM,NM,Actual
Jan-31-2010,9.8,NM,NM,NM,Actual
Dec-31-2009,9.9,NM,NM,NM,Actual
Nov-30-2009,9.9,NM,NM,NM,Actual
Oct-31-2009,10,NM,NM,NM,Actual
Sep-30-2009,9.8,NM,NM,NM,Actual
Aug-31-2009,9.6,NM,NM,NM,Actual
Jul-31-2009,9.5,NM,NM,NM,Actual
Jun-30-2009,9.5,NM,NM,NM,Actual
May-31-2009,9.4,NM,NM,NM,Actual
Apr-30-2009,9,NM,NM,NM,Actual
Mar-31-2009,8.7,NM,NM,NM,Actual
Feb-28-2009,8.3,NM,NM,NM,Actual
Jan-31-2009,7.8,NM,NM,NM,Actual
Dec-31-2008,7.3,NM,NM,NM,Actual
Nov-30-2008,6.8,NM,NM,NM,Actual
Oct-31-2008,6.5,NM,NM,NM,Actual
Sep-30-2008,6.1,NM,NM,NM,Actual
Aug-31-2008,6.1,NM,NM,NM,Actual
Jul-31-2008,5.8,NM,NM,NM,Actual
Jun-30-2008,5.6,NM,NM,NM,Actual
May-31-2008,5.4,NM,NM,NM,Actual
Apr-30-2008,5,NM,NM,NM,Actual
Mar-31-2008,5.1,NM,NM,NM,Actual
Feb-29-2008,4.9,NM,NM,NM,Actual
Jan-31-2008,5,NM,NM,NM,Actual
Dec-31-2007,5,NM,NM,NM,Actual
Nov-30-2007,4.7,NM,NM,NM,Actual
Oct-31-2007,4.7,NM,NM,NM,Actual
Sep-30-2007,4.7,NM,NM,NM,Actual
Aug-31-2007,4.6,NM,NM,NM,Actual
Jul-31-2007,4.7,NM,NM,NM,Actual
Jun-30-2007,4.6,NM,NM,NM,Actual
May-31-2007,4.4,NM,NM,NM,Actual
Apr-30-2007,4.5,NM,NM,NM,Actual
Mar-31-2007,4.4,NM,NM,NM,Actual
Feb-28-2007,4.5,NM,NM,NM,Actual
Jan-31-2007,4.6,NM,NM,NM,Actual
Dec-31-2006,4.4,NM,NM,NM,Actual
Nov-30-2006,4.5,NM,NM,NM,Actual
Oct-31-2006,4.4,NM,NM,NM,Actual
Sep-30-2006,4.5,NM,NM,NM,Actual
Aug-31-2006,4.7,NM,NM,NM,Actual
Jul-31-2006,4.7,NM,NM,NM,Actual
Jun-30-2006,4.6,NM,NM,NM,Actual
May-31-2006,4.6,NM,NM,NM,Actual
Apr-30-2006,4.7,NM,NM,NM,Actual
Mar-31-2006,4.7,NM,NM,NM,Actual
Feb-28-2006,4.8,NM,NM,NM,Actual
Jan-31-2006,4.7,NM,NM,NM,Actual
Dec-31-2005,4.9,NM,NM,NM,Actual
Nov-30-2005,5,NM,NM,NM,Actual
Oct-31-2005,5,NM,NM,NM,Actual
Sep-30-2005,5,NM,NM,NM,Actual
Aug-31-2005,4.9,NM,NM,NM,Actual
Jul-31-2005,5,NM,NM,NM,Actual
Jun-30-2005,5,NM,NM,NM,Actual
May-31-2005,5.1,NM,NM,NM,Actual
Apr-30-2005,5.2,NM,NM,NM,Actual
Mar-31-2005,5.2,NM,NM,NM,Actual
Feb-28-2005,5.4,NM,NM,NM,Actual
Jan-31-2005,5.3,NM,NM,NM,Actual
Dec-31-2004,5.4,NM,NM,NM,Actual
Nov-30-2004,5.4,NM,NM,NM,Actual
Oct-31-2004,5.5,NM,NM,NM,Actual
Sep-30-2004,5.4,NM,NM,NM,Actual
Aug-31-2004,5.4,NM,NM,NM,Actual
Jul-31-2004,5.5,NM,NM,NM,Actual
Jun-30-2004,5.6,NM,NM,NM,Actual
May-31-2004,5.6,NM,NM,NM,Actual
Apr-30-2004,5.6,NM,NM,NM,Actual
Mar-31-2004,5.8,NM,NM,NM,Actual
Feb-29-2004,5.6,NM,NM,NM,Actual
Jan-31-2004,5.7,NM,NM,NM,Actual
Dec-31-2003,5.7,NM,NM,NM,Actual
Nov-30-2003,5.8,NM,NM,NM,Actual
Oct-31-2003,6,NM,NM,NM,Actual
Sep-30-2003,6.1,NM,NM,NM,Actual
Aug-31-2003,6.1,NM,NM,NM,Actual
Jul-31-2003,6.2,NM,NM,NM,Actual
Jun-30-2003,6.3,NM,NM,NM,Actual
May-31-2003,6.1,NM,NM,NM,Actual
Apr-30-2003,6,NM,NM,NM,Actual
Mar-31-2003,5.9,NM,NM,NM,Actual
Feb-28-2003,5.9,NM,NM,NM,Actual
Jan-31-2003,5.8,NM,NM,NM,Actual
Dec-31-2002,6,NM,NM,NM,Actual
Nov-30-2002,5.9,NM,NM,NM,Actual
Oct-31-2002,5.7,NM,NM,NM,Actual
Sep-30-2002,5.7,NM,NM,NM,Actual
Aug-31-2002,5.7,NM,NM,NM,Actual
Jul-31-2002,5.8,NM,NM,NM,Actual
Jun-30-2002,5.8,NM,NM,NM,Actual
May-31-2002,5.8,NM,NM,NM,Actual
Apr-30-2002,5.9,NM,NM,NM,Actual
Mar-31-2002,5.7,NM,NM,NM,Actual
Feb-28-2002,5.7,NM,NM,NM,Actual
Jan-31-2002,5.7,NM,NM,NM,Actual
Dec-31-2001,5.7,NM,NM,NM,Actual
Nov-30-2001,5.5,NM,NM,NM,Actual
Oct-31-2001,5.3,NM,NM,NM,Actual
Sep-30-2001,5,NM,NM,NM,Actual
Aug-31-2001,4.9,NM,NM,NM,Actual
Jul-31-2001,4.6,NM,NM,NM,Actual
Jun-30-2001,4.5,NM,NM,NM,Actual
May-31-2001,4.3,NM,NM,NM,Actual
Apr-30-2001,4.4,NM,NM,NM,Actual
Mar-31-2001,4.3,NM,NM,NM,Actual
Feb-28-2001,4.2,NM,NM,NM,Actual
Jan-31-2001,4.2,NM,NM,NM,Actual
Dec-31-2000,3.9,NM,NM,NM,Actual
Nov-30-2000,3.9,NM,NM,NM,Actual
Oct-31-2000,3.9,NM,NM,NM,Actual
Sep-30-2000,3.9,NM,NM,NM,Actual
Aug-31-2000,4.1,NM,NM,NM,Actual
Jul-31-2000,4,NM,NM,NM,Actual
Jun-30-2000,4,NM,NM,NM,Actual
May-31-2000,4,NM,NM,NM,Actual
Apr-30-2000,3.8,NM,NM,NM,Actual
Mar-31-2000,4,NM,NM,NM,Actual
Feb-29-2000,4.1,NM,NM,NM,Actual
Jan-31-2000,4,NM,NM,NM,Actual
Dec-31-1999,4,NM,NM,NM,Actual
Nov-30-1999,4.1,NM,NM,NM,Actual
Oct-31-1999,4.1,NM,NM,NM,Actual
Sep-30-1999,4.2,NM,NM,NM,Actual
Aug-31-1999,4.2,NM,NM,NM,Actual
Jul-31-1999,4.3,NM,NM,NM,Actual
Jun-30-1999,4.3,NM,NM,NM,Actual
May-31-1999,4.2,NM,NM,NM,Actual
Apr-30-1999,4.3,NM,NM,NM,Actual
Mar-31-1999,4.2,NM,NM,NM,Actual
Feb-28-1999,4.4,NM,NM,NM,Actual
Jan-31-1999,4.3,NM,NM,NM,Actual
Dec-31-1998,4.4,NM,NM,NM,Actual
Nov-30-1998,4.4,NM,NM,NM,Actual
Oct-31-1998,4.5,NM,NM,NM,Actual
Sep-30-1998,4.6,NM,NM,NM,Actual
Aug-31-1998,4.5,NM,NM,NM,Actual
Jul-31-1998,4.5,NM,NM,NM,Actual
Jun-30-1998,4.5,NM,NM,NM,Actual
May-31-1998,4.4,NM,NM,NM,Actual
Apr-30-1998,4.3,NM,NM,NM,Actual
Mar-31-1998,4.7,NM,NM,NM,Actual
Feb-28-1998,4.6,NM,NM,NM,Actual
Jan-31-1998,4.6,NM,NM,NM,Actual
Dec-31-1997,4.7,NM,NM,NM,Actual
Nov-30-1997,4.6,NM,NM,NM,Actual
Oct-31-1997,4.7,NM,NM,NM,Actual
Sep-30-1997,4.9,NM,NM,NM,Actual
Aug-31-1997,4.8,NM,NM,NM,Actual
Jul-31-1997,4.9,NM,NM,NM,Actual
Jun-30-1997,5,NM,NM,NM,Actual
May-31-1997,4.9,NM,NM,NM,Actual
Apr-30-1997,5.1,NM,NM,NM,Actual
Mar-31-1997,5.2,NM,NM,NM,Actual
Feb-28-1997,5.2,NM,NM,NM,Actual
Jan-31-1997,5.3,NM,NM,NM,Actual
Dec-31-1996,5.4,NM,NM,NM,Actual
Nov-30-1996,5.4,NM,NM,NM,Actual
Oct-31-1996,5.2,NM,NM,NM,Actual
Sep-30-1996,5.2,NM,NM,NM,Actual
Aug-31-1996,5.1,NM,NM,NM,Actual
Jul-31-1996,5.5,NM,NM,NM,Actual
Jun-30-1996,5.3,NM,NM,NM,Actual
May-31-1996,5.6,NM,NM,NM,Actual
Apr-30-1996,5.6,NM,NM,NM,Actual
Mar-31-1996,5.5,NM,NM,NM,Actual
Feb-29-1996,5.5,NM,NM,NM,Actual
Jan-31-1996,5.6,NM,NM,NM,Actual
Dec-31-1995,5.6,NM,NM,NM,Actual
Nov-30-1995,5.6,NM,NM,NM,Actual
Oct-31-1995,5.5,NM,NM,NM,Actual
Sep-30-1995,5.6,NM,NM,NM,Actual
Aug-31-1995,5.7,NM,NM,NM,Actual
Jul-31-1995,5.7,NM,NM,NM,Actual
Jun-30-1995,5.6,NM,NM,NM,Actual
May-31-1995,5.6,NM,NM,NM,Actual
Apr-30-1995,5.8,NM,NM,NM,Actual
Mar-31-1995,5.4,NM,NM,NM,Actual
Feb-28-1995,5.4,NM,NM,NM,Actual
Jan-31-1995,5.6,NM,NM,NM,Actual
Dec-31-1994,5.5,NM,NM,NM,Actual
Nov-30-1994,5.6,NM,NM,NM,Actual
Oct-31-1994,5.8,NM,NM,NM,Actual
Sep-30-1994,5.9,NM,NM,NM,Actual
Aug-31-1994,6,NM,NM,NM,Actual
Jul-31-1994,6.1,NM,NM,NM,Actual
Jun-30-1994,6.1,NM,NM,NM,Actual
May-31-1994,6.1,NM,NM,NM,Actual
Apr-30-1994,6.4,NM,NM,NM,Actual
Mar-31-1994,6.5,NM,NM,NM,Actual
Feb-28-1994,6.6,NM,NM,NM,Actual
Jan-31-1994,6.6,NM,NM,NM,Actual
Dec-31-1993,6.5,NM,NM,NM,Actual
Nov-30-1993,6.6,NM,NM,NM,Actual
Oct-31-1993,6.8,NM,NM,NM,Actual
Sep-30-1993,6.7,NM,NM,NM,Actual
Aug-31-1993,6.8,NM,NM,NM,Actual
Jul-31-1993,6.9,NM,NM,NM,Actual
Jun-30-1993,7,NM,NM,NM,Actual
May-31-1993,7.1,NM,NM,NM,Actual
Apr-30-1993,7.1,NM,NM,NM,Actual
Mar-31-1993,7,NM,NM,NM,Actual
Feb-28-1993,7.1,NM,NM,NM,Actual
Jan-31-1993,7.3,NM,NM,NM,Actual
Dec-31-1992,7.4,NM,NM,NM,Actual
Nov-30-1992,7.4,NM,NM,NM,Actual
Oct-31-1992,7.3,NM,NM,NM,Actual
Sep-30-1992,7.6,NM,NM,NM,Actual
Aug-31-1992,7.6,NM,NM,NM,Actual
Jul-31-1992,7.7,NM,NM,NM,Actual
Jun-30-1992,7.8,NM,NM,NM,Actual
May-31-1992,7.6,NM,NM,NM,Actual
Apr-30-1992,7.4,NM,NM,NM,Actual
Mar-31-1992,7.4,NM,NM,NM,Actual
Feb-29-1992,7.4,NM,NM,NM,Actual
Jan-31-1992,7.3,NM,NM,NM,Actual
Dec-31-1991,7.3,NM,NM,NM,Actual
Nov-30-1991,7,NM,NM,NM,Actual
Oct-31-1991,7,NM,NM,NM,Actual
Sep-30-1991,6.9,NM,NM,NM,Actual
Aug-31-1991,6.9,NM,NM,NM,Actual
Jul-31-1991,6.8,NM,NM,NM,Actual
Jun-30-1991,6.9,NM,NM,NM,Actual
May-31-1991,6.9,NM,NM,NM,Actual
Apr-30-1991,6.7,NM,NM,NM,Actual
Mar-31-1991,6.8,NM,NM,NM,Actual
Feb-28-1991,6.6,NM,NM,NM,Actual
Jan-31-1991,6.4,NM,NM,NM,Actual
Dec-31-1990,6.3,NM,NM,NM,Actual
Nov-30-1990,6.2,NM,NM,NM,Actual
Oct-31-1990,5.9,NM,NM,NM,Actual
Sep-30-1990,5.9,NM,NM,NM,Actual
Aug-31-1990,5.7,NM,NM,NM,Actual
Jul-31-1990,5.5,NM,NM,NM,Actual
Jun-30-1990,5.2,NM,NM,NM,Actual
May-31-1990,5.4,NM,NM,NM,Actual
Apr-30-1990,5.4,NM,NM,NM,Actual
Mar-31-1990,5.2,NM,NM,NM,Actual
Feb-28-1990,5.3,NM,NM,NM,Actual
Jan-31-1990,5.4,NM,NM,NM,Actual
Dec-31-1989,5.4,NM,NM,NM,Actual
Nov-30-1989,5.4,NM,NM,NM,Actual
Oct-31-1989,5.3,NM,NM,NM,Actual
Sep-30-1989,5.3,NM,NM,NM,Actual
Aug-31-1989,5.2,NM,NM,NM,Actual
Jul-31-1989,5.2,NM,NM,NM,Actual
Jun-30-1989,5.3,NM,NM,NM,Actual
May-31-1989,5.2,NM,NM,NM,Actual
Apr-30-1989,5.2,NM,NM,NM,Actual
Mar-31-1989,5,NM,NM,NM,Actual
Feb-28-1989,5.2,NM,NM,NM,Actual
Jan-31-1989,5.4,NM,NM,NM,Actual
Dec-31-1988,5.3,NM,NM,NM,Actual
Nov-30-1988,5.3,NM,NM,NM,Actual
Oct-31-1988,5.4,NM,NM,NM,Actual
Sep-30-1988,5.4,NM,NM,NM,Actual
Aug-31-1988,5.6,NM,NM,NM,Actual
Jul-31-1988,5.4,NM,NM,NM,Actual
Jun-30-1988,5.4,NM,NM,NM,Actual
May-31-1988,5.6,NM,NM,NM,Actual
Apr-30-1988,5.4,NM,NM,NM,Actual
Mar-31-1988,5.7,NM,NM,NM,Actual
Feb-29-1988,5.7,NM,NM,NM,Actual
Jan-31-1988,5.7,NM,NM,NM,Actual
Dec-31-1987,5.7,NM,NM,NM,Actual
Nov-30-1987,5.8,NM,NM,NM,Actual
Oct-31-1987,6,NM,NM,NM,Actual
Sep-30-1987,5.9,NM,NM,NM,Actual
Aug-31-1987,6,NM,NM,NM,Actual
Jul-31-1987,6.1,NM,NM,NM,Actual
Jun-30-1987,6.2,NM,NM,NM,Actual
May-31-1987,6.3,NM,NM,NM,Actual
Apr-30-1987,6.3,NM,NM,NM,Actual
Mar-31-1987,6.6,NM,NM,NM,Actual
Feb-28-1987,6.6,NM,NM,NM,Actual
Jan-31-1987,6.6,NM,NM,NM,Actual
Dec-31-1986,6.6,NM,NM,NM,Actual
Nov-30-1986,6.9,NM,NM,NM,Actual
Oct-31-1986,7,NM,NM,NM,Actual
Sep-30-1986,7,NM,NM,NM,Actual
Aug-31-1986,6.9,NM,NM,NM,Actual
Jul-31-1986,7,NM,NM,NM,Actual
Jun-30-1986,7.2,NM,NM,NM,Actual
May-31-1986,7.2,NM,NM,NM,Actual
Apr-30-1986,7.1,NM,NM,NM,Actual
Mar-31-1986,7.2,NM,NM,NM,Actual
Feb-28-1986,7.2,NM,NM,NM,Actual
Jan-31-1986,6.7,NM,NM,NM,Actual
Dec-31-1985,7,NM,NM,NM,Actual
Nov-30-1985,7,NM,NM,NM,Actual
Oct-31-1985,7.1,NM,NM,NM,Actual
Sep-30-1985,7.1,NM,NM,NM,Actual
Aug-31-1985,7.1,NM,NM,NM,Actual
Jul-31-1985,7.4,NM,NM,NM,Actual
Jun-30-1985,7.4,NM,NM,NM,Actual
May-31-1985,7.2,NM,NM,NM,Actual
Apr-30-1985,7.3,NM,NM,NM,Actual
Mar-31-1985,7.2,NM,NM,NM,Actual
Feb-28-1985,7.2,NM,NM,NM,Actual
Jan-31-1985,7.3,NM,NM,NM,Actual
Dec-31-1984,7.3,NM,NM,NM,Actual
Nov-30-1984,7.2,NM,NM,NM,Actual
Oct-31-1984,7.4,NM,NM,NM,Actual
Sep-30-1984,7.3,NM,NM,NM,Actual
Aug-31-1984,7.5,NM,NM,NM,Actual
Jul-31-1984,7.5,NM,NM,NM,Actual
Jun-30-1984,7.2,NM,NM,NM,Actual
May-31-1984,7.4,NM,NM,NM,Actual
Apr-30-1984,7.7,NM,NM,NM,Actual
Mar-31-1984,7.8,NM,NM,NM,Actual
Feb-29-1984,7.8,NM,NM,NM,Actual
Jan-31-1984,8,NM,NM,NM,Actual
Dec-31-1983,8.3,NM,NM,NM,Actual
Nov-30-1983,8.5,NM,NM,NM,Actual
Oct-31-1983,8.8,NM,NM,NM,Actual
Sep-30-1983,9.2,NM,NM,NM,Actual
Aug-31-1983,9.5,NM,NM,NM,Actual
Jul-31-1983,9.4,NM,NM,NM,Actual
Jun-30-1983,10.1,NM,NM,NM,Actual
May-31-1983,10.1,NM,NM,NM,Actual
Apr-30-1983,10.2,NM,NM,NM,Actual
Mar-31-1983,10.3,NM,NM,NM,Actual
Feb-28-1983,10.4,NM,NM,NM,Actual
Jan-31-1983,10.4,NM,NM,NM,Actual
Dec-31-1982,10.8,NM,NM,NM,Actual
Nov-30-1982,10.8,NM,NM,NM,Actual
Oct-31-1982,10.4,NM,NM,NM,Actual
Sep-30-1982,10.1,NM,NM,NM,Actual
Aug-31-1982,9.8,NM,NM,NM,Actual
Jul-31-1982,9.8,NM,NM,NM,Actual
Jun-30-1982,9.6,NM,NM,NM,Actual
May-31-1982,9.4,NM,NM,NM,Actual
Apr-30-1982,9.3,NM,NM,NM,Actual
Mar-31-1982,9,NM,NM,NM,Actual
Feb-28-1982,8.9,NM,NM,NM,Actual
Jan-31-1982,8.6,NM,NM,NM,Actual
Dec-31-1981,8.5,NM,NM,NM,Actual
Nov-30-1981,8.3,NM,NM,NM,Actual
Oct-31-1981,7.9,NM,NM,NM,Actual
Sep-30-1981,7.6,NM,NM,NM,Actual
Aug-31-1981,7.4,NM,NM,NM,Actual
Jul-31-1981,7.2,NM,NM,NM,Actual
Jun-30-1981,7.5,NM,NM,NM,Actual
May-31-1981,7.5,NM,NM,NM,Actual
Apr-30-1981,7.2,NM,NM,NM,Actual
Mar-31-1981,7.4,NM,NM,NM,Actual
Feb-28-1981,7.4,NM,NM,NM,Actual
Jan-31-1981,7.5,NM,NM,NM,Actual
Dec-31-1980,7.2,NM,NM,NM,Actual
Nov-30-1980,7.5,NM,NM,NM,Actual
Oct-31-1980,7.5,NM,NM,NM,Actual
Sep-30-1980,7.5,NM,NM,NM,Actual
Aug-31-1980,7.7,NM,NM,NM,Actual
Jul-31-1980,7.8,NM,NM,NM,Actual
Jun-30-1980,7.6,NM,NM,NM,Actual
May-31-1980,7.5,NM,NM,NM,Actual
Apr-30-1980,6.9,NM,NM,NM,Actual
Mar-31-1980,6.3,NM,NM,NM,Actual
Feb-29-1980,6.3,NM,NM,NM,Actual
Jan-31-1980,6.3,NM,NM,NM,Actual
Dec-31-1979,6,NM,NM,NM,Actual
Nov-30-1979,5.9,NM,NM,NM,Actual
Oct-31-1979,6,NM,NM,NM,Actual
Sep-30-1979,5.9,NM,NM,NM,Actual
Aug-31-1979,6,NM,NM,NM,Actual
Jul-31-1979,5.7,NM,NM,NM,Actual
Jun-30-1979,5.7,NM,NM,NM,Actual
May-31-1979,5.6,NM,NM,NM,Actual
Apr-30-1979,5.8,NM,NM,NM,Actual
Mar-31-1979,5.8,NM,NM,NM,Actual
Feb-28-1979,5.9,NM,NM,NM,Actual
Jan-31-1979,5.9,NM,NM,NM,Actual
Dec-31-1978,6,NM,NM,NM,Actual
Nov-30-1978,5.9,NM,NM,NM,Actual
Oct-31-1978,5.8,NM,NM,NM,Actual
Sep-30-1978,6,NM,NM,NM,Actual
Aug-31-1978,5.9,NM,NM,NM,Actual
Jul-31-1978,6.2,NM,NM,NM,Actual
Jun-30-1978,5.9,NM,NM,NM,Actual
May-31-1978,6,NM,NM,NM,Actual
Apr-30-1978,6.1,NM,NM,NM,Actual
Mar-31-1978,6.3,NM,NM,NM,Actual
Feb-28-1978,6.3,NM,NM,NM,Actual
Jan-31-1978,6.4,NM,NM,NM,Actual
Dec-31-1977,6.4,NM,NM,NM,Actual
Nov-30-1977,6.8,NM,NM,NM,Actual
Oct-31-1977,6.8,NM,NM,NM,Actual
Sep-30-1977,6.8,NM,NM,NM,Actual
Aug-31-1977,7,NM,NM,NM,Actual
Jul-31-1977,6.9,NM,NM,NM,Actual
Jun-30-1977,7.2,NM,NM,NM,Actual
May-31-1977,7,NM,NM,NM,Actual
Apr-30-1977,7.2,NM,NM,NM,Actual
Mar-31-1977,7.4,NM,NM,NM,Actual
Feb-28-1977,7.6,NM,NM,NM,Actual
Jan-31-1977,7.5,NM,NM,NM,Actual
Dec-31-1976,7.8,NM,NM,NM,Actual
Nov-30-1976,7.8,NM,NM,NM,Actual
Oct-31-1976,7.7,NM,NM,NM,Actual
Sep-30-1976,7.6,NM,NM,NM,Actual
Aug-31-1976,7.8,NM,NM,NM,Actual
Jul-31-1976,7.8,NM,NM,NM,Actual
Jun-30-1976,7.6,NM,NM,NM,Actual
May-31-1976,7.4,NM,NM,NM,Actual
Apr-30-1976,7.7,NM,NM,NM,Actual
Mar-31-1976,7.6,NM,NM,NM,Actual
Feb-29-1976,7.7,NM,NM,NM,Actual
Jan-31-1976,7.9,NM,NM,NM,Actual
Dec-31-1975,8.2,NM,NM,NM,Actual
Nov-30-1975,8.3,NM,NM,NM,Actual
Oct-31-1975,8.4,NM,NM,NM,Actual
Sep-30-1975,8.4,NM,NM,NM,Actual
Aug-31-1975,8.4,NM,NM,NM,Actual
Jul-31-1975,8.6,NM,NM,NM,Actual
Jun-30-1975,8.8,NM,NM,NM,Actual
May-31-1975,9,NM,NM,NM,Actual
Apr-30-1975,8.8,NM,NM,NM,Actual
Mar-31-1975,8.6,NM,NM,NM,Actual
Feb-28-1975,8.1,NM,NM,NM,Actual
Jan-31-1975,8.1,NM,NM,NM,Actual
Dec-31-1974,7.2,NM,NM,NM,Actual
Nov-30-1974,6.6,NM,NM,NM,Actual
Oct-31-1974,6,NM,NM,NM,Actual
Sep-30-1974,5.9,NM,NM,NM,Actual
Aug-31-1974,5.5,NM,NM,NM,Actual
Jul-31-1974,5.5,NM,NM,NM,Actual
Jun-30-1974,5.4,NM,NM,NM,Actual
May-31-1974,5.1,NM,NM,NM,Actual
Apr-30-1974,5.1,NM,NM,NM,Actual
Mar-31-1974,5.1,NM,NM,NM,Actual
Feb-28-1974,5.2,NM,NM,NM,Actual
Jan-31-1974,5.1,NM,NM,NM,Actual
Dec-31-1973,4.9,NM,NM,NM,Actual
Nov-30-1973,4.8,NM,NM,NM,Actual
Oct-31-1973,4.6,NM,NM,NM,Actual
Sep-30-1973,4.8,NM,NM,NM,Actual
Aug-31-1973,4.8,NM,NM,NM,Actual
Jul-31-1973,4.8,NM,NM,NM,Actual
Jun-30-1973,4.9,NM,NM,NM,Actual
May-31-1973,4.9,NM,NM,NM,Actual
Apr-30-1973,5,NM,NM,NM,Actual
Mar-31-1973,4.9,NM,NM,NM,Actual
Feb-28-1973,5,NM,NM,NM,Actual
Jan-31-1973,4.9,NM,NM,NM,Actual
Dec-31-1972,5.2,NM,NM,NM,Actual
Nov-30-1972,5.3,NM,NM,NM,Actual
Oct-31-1972,5.6,NM,NM,NM,Actual
Sep-30-1972,5.5,NM,NM,NM,Actual
Aug-31-1972,5.6,NM,NM,NM,Actual
Jul-31-1972,5.6,NM,NM,NM,Actual
Jun-30-1972,5.7,NM,NM,NM,Actual
May-31-1972,5.7,NM,NM,NM,Actual
Apr-30-1972,5.7,NM,NM,NM,Actual
Mar-31-1972,5.8,NM,NM,NM,Actual
Feb-29-1972,5.7,NM,NM,NM,Actual
Jan-31-1972,5.8,NM,NM,NM,Actual
Dec-31-1971,6,NM,NM,NM,Actual
Nov-30-1971,6,NM,NM,NM,Actual
Oct-31-1971,5.8,NM,NM,NM,Actual
Sep-30-1971,6,NM,NM,NM,Actual
Aug-31-1971,6.1,NM,NM,NM,Actual
Jul-31-1971,6,NM,NM,NM,Actual
Jun-30-1971,5.9,NM,NM,NM,Actual
May-31-1971,5.9,NM,NM,NM,Actual
Apr-30-1971,5.9,NM,NM,NM,Actual
Mar-31-1971,6,NM,NM,NM,Actual
Feb-28-1971,5.9,NM,NM,NM,Actual
Jan-31-1971,5.9,NM,NM,NM,Actual
Dec-31-1970,6.1,NM,NM,NM,Actual
Nov-30-1970,5.9,NM,NM,NM,Actual
Oct-31-1970,5.5,NM,NM,NM,Actual
Sep-30-1970,5.4,NM,NM,NM,Actual
Aug-31-1970,5.1,NM,NM,NM,Actual
Jul-31-1970,5,NM,NM,NM,Actual
Jun-30-1970,4.9,NM,NM,NM,Actual
May-31-1970,4.8,NM,NM,NM,Actual
Apr-30-1970,4.6,NM,NM,NM,Actual
Mar-31-1970,4.4,NM,NM,NM,Actual
Feb-28-1970,4.2,NM,NM,NM,Actual
Jan-31-1970,3.9,NM,NM,NM,Actual
Dec-31-1969,3.5,NM,NM,NM,Actual
Nov-30-1969,3.5,NM,NM,NM,Actual
Oct-31-1969,3.7,NM,NM,NM,Actual
Sep-30-1969,3.7,NM,NM,NM,Actual
Aug-31-1969,3.5,NM,NM,NM,Actual
Jul-31-1969,3.5,NM,NM,NM,Actual
Jun-30-1969,3.5,NM,NM,NM,Actual
May-31-1969,3.4,NM,NM,NM,Actual
Apr-30-1969,3.4,NM,NM,NM,Actual
Mar-31-1969,3.4,NM,NM,NM,Actual
Feb-28-1969,3.4,NM,NM,NM,Actual
Jan-31-1969,3.4,NM,NM,NM,Actual
Dec-31-1968,3.4,NM,NM,NM,Actual
Nov-30-1968,3.4,NM,NM,NM,Actual
Oct-31-1968,3.4,NM,NM,NM,Actual
Sep-30-1968,3.4,NM,NM,NM,Actual
Aug-31-1968,3.5,NM,NM,NM,Actual
Jul-31-1968,3.7,NM,NM,NM,Actual
Jun-30-1968,3.7,NM,NM,NM,Actual
May-31-1968,3.5,NM,NM,NM,Actual
Apr-30-1968,3.5,NM,NM,NM,Actual
Mar-31-1968,3.7,NM,NM,NM,Actual
Feb-29-1968,3.8,NM,NM,NM,Actual
Jan-31-1968,3.7,NM,NM,NM,Actual
Dec-31-1967,3.8,NM,NM,NM,Actual
Nov-30-1967,3.9,NM,NM,NM,Actual
Oct-31-1967,4,NM,NM,NM,Actual
Sep-30-1967,3.8,NM,NM,NM,Actual
Aug-31-1967,3.8,NM,NM,NM,Actual
Jul-31-1967,3.8,NM,NM,NM,Actual
Jun-30-1967,3.9,NM,NM,NM,Actual
May-31-1967,3.8,NM,NM,NM,Actual
Apr-30-1967,3.8,NM,NM,NM,Actual
Mar-31-1967,3.8,NM,NM,NM,Actual
Feb-28-1967,3.8,NM,NM,NM,Actual
Jan-31-1967,3.9,NM,NM,NM,Actual
Dec-31-1966,3.8,NM,NM,NM,Actual
Nov-30-1966,3.6,NM,NM,NM,Actual
Oct-31-1966,3.7,NM,NM,NM,Actual
Sep-30-1966,3.7,NM,NM,NM,Actual
Aug-31-1966,3.8,NM,NM,NM,Actual
Jul-31-1966,3.8,NM,NM,NM,Actual
Jun-30-1966,3.8,NM,NM,NM,Actual
May-31-1966,3.9,NM,NM,NM,Actual
Apr-30-1966,3.8,NM,NM,NM,Actual
Mar-31-1966,3.8,NM,NM,NM,Actual
Feb-28-1966,3.8,NM,NM,NM,Actual
Jan-31-1966,4,NM,NM,NM,Actual
Dec-31-1965,4,NM,NM,NM,Actual
Nov-30-1965,4.1,NM,NM,NM,Actual
Oct-31-1965,4.2,NM,NM,NM,Actual
Sep-30-1965,4.3,NM,NM,NM,Actual
Aug-31-1965,4.4,NM,NM,NM,Actual
Jul-31-1965,4.4,NM,NM,NM,Actual
Jun-30-1965,4.6,NM,NM,NM,Actual
May-31-1965,4.6,NM,NM,NM,Actual
Apr-30-1965,4.8,NM,NM,NM,Actual
Mar-31-1965,4.7,NM,NM,NM,Actual
Feb-28-1965,5.1,NM,NM,NM,Actual
Jan-31-1965,4.9,NM,NM,NM,Actual
Dec-31-1964,5,NM,NM,NM,Actual
Nov-30-1964,4.8,NM,NM,NM,Actual
Oct-31-1964,5.1,NM,NM,NM,Actual
Sep-30-1964,5.1,NM,NM,NM,Actual
Aug-31-1964,5,NM,NM,NM,Actual
Jul-31-1964,4.9,NM,NM,NM,Actual
Jun-30-1964,5.2,NM,NM,NM,Actual
May-31-1964,5.1,NM,NM,NM,Actual
Apr-30-1964,5.3,NM,NM,NM,Actual
Mar-31-1964,5.4,NM,NM,NM,Actual
Feb-29-1964,5.4,NM,NM,NM,Actual
Jan-31-1964,5.6,NM,NM,NM,Actual
Dec-31-1963,5.5,NM,NM,NM,Actual
Nov-30-1963,5.7,NM,NM,NM,Actual
Oct-31-1963,5.5,NM,NM,NM,Actual
Sep-30-1963,5.5,NM,NM,NM,Actual
Aug-31-1963,5.4,NM,NM,NM,Actual
Jul-31-1963,5.6,NM,NM,NM,Actual
Jun-30-1963,5.6,NM,NM,NM,Actual
May-31-1963,5.9,NM,NM,NM,Actual
Apr-30-1963,5.7,NM,NM,NM,Actual
Mar-31-1963,5.7,NM,NM,NM,Actual
Feb-28-1963,5.9,NM,NM,NM,Actual
Jan-31-1963,5.7,NM,NM,NM,Actual
Dec-31-1962,5.5,NM,NM,NM,Actual
Nov-30-1962,5.7,NM,NM,NM,Actual
Oct-31-1962,5.4,NM,NM,NM,Actual
Sep-30-1962,5.6,NM,NM,NM,Actual
Aug-31-1962,5.7,NM,NM,NM,Actual
Jul-31-1962,5.4,NM,NM,NM,Actual
Jun-30-1962,5.5,NM,NM,NM,Actual
May-31-1962,5.5,NM,NM,NM,Actual
Apr-30-1962,5.6,NM,NM,NM,Actual
Mar-31-1962,5.6,NM,NM,NM,Actual
Feb-28-1962,5.5,NM,NM,NM,Actual
Jan-31-1962,5.8,NM,NM,NM,Actual
Dec-31-1961,6,NM,NM,NM,Actual
Nov-30-1961,6.1,NM,NM,NM,Actual
Oct-31-1961,6.5,NM,NM,NM,Actual
Sep-30-1961,6.7,NM,NM,NM,Actual
Aug-31-1961,6.6,NM,NM,NM,Actual
Jul-31-1961,7,NM,NM,NM,Actual
Jun-30-1961,6.9,NM,NM,NM,Actual
May-31-1961,7.1,NM,NM,NM,Actual
Apr-30-1961,7,NM,NM,NM,Actual
Mar-31-1961,6.9,NM,NM,NM,Actual
Feb-28-1961,6.9,NM,NM,NM,Actual
Jan-31-1961,6.6,NM,NM,NM,Actual
Dec-31-1960,6.6,NM,NM,NM,Actual
Nov-30-1960,6.1,NM,NM,NM,Actual
Oct-31-1960,6.1,NM,NM,NM,Actual
Sep-30-1960,5.5,NM,NM,NM,Actual
Aug-31-1960,5.6,NM,NM,NM,Actual
Jul-31-1960,5.5,NM,NM,NM,Actual
Jun-30-1960,5.4,NM,NM,NM,Actual
May-31-1960,5.1,NM,NM,NM,Actual
Apr-30-1960,5.2,NM,NM,NM,Actual
Mar-31-1960,5.4,NM,NM,NM,Actual
Feb-29-1960,4.8,NM,NM,NM,Actual
Jan-31-1960,5.2,NM,NM,NM,Actual
Dec-31-1959,5.3,NM,NM,NM,Actual
Nov-30-1959,5.8,NM,NM,NM,Actual
Oct-31-1959,5.7,NM,NM,NM,Actual
Sep-30-1959,5.5,NM,NM,NM,Actual
Aug-31-1959,5.2,NM,NM,NM,Actual
Jul-31-1959,5.1,NM,NM,NM,Actual
Jun-30-1959,5,NM,NM,NM,Actual
May-31-1959,5.1,NM,NM,NM,Actual
Apr-30-1959,5.2,NM,NM,NM,Actual
Mar-31-1959,5.6,NM,NM,NM,Actual
Feb-28-1959,5.9,NM,NM,NM,Actual
Jan-31-1959,6,NM,NM,NM,Actual
Dec-31-1958,6.2,NM,NM,NM,Actual
Nov-30-1958,6.2,NM,NM,NM,Actual
Oct-31-1958,6.7,NM,NM,NM,Actual
Sep-30-1958,7.1,NM,NM,NM,Actual
Aug-31-1958,7.4,NM,NM,NM,Actual
Jul-31-1958,7.5,NM,NM,NM,Actual
Jun-30-1958,7.3,NM,NM,NM,Actual
May-31-1958,7.4,NM,NM,NM,Actual
Apr-30-1958,7.4,NM,NM,NM,Actual
Mar-31-1958,6.7,NM,NM,NM,Actual
Feb-28-1958,6.4,NM,NM,NM,Actual
Jan-31-1958,5.8,NM,NM,NM,Actual
Dec-31-1957,5.2,NM,NM,NM,Actual
Nov-30-1957,5.1,NM,NM,NM,Actual
Oct-31-1957,4.5,NM,NM,NM,Actual
Sep-30-1957,4.4,NM,NM,NM,Actual
Aug-31-1957,4.1,NM,NM,NM,Actual
Jul-31-1957,4.2,NM,NM,NM,Actual
Jun-30-1957,4.3,NM,NM,NM,Actual
May-31-1957,4.1,NM,NM,NM,Actual
Apr-30-1957,3.9,NM,NM,NM,Actual
Mar-31-1957,3.7,NM,NM,NM,Actual
Feb-28-1957,3.9,NM,NM,NM,Actual
Jan-31-1957,4.2,NM,NM,NM,Actual
Dec-31-1956,4.2,NM,NM,NM,Actual
Nov-30-1956,4.3,NM,NM,NM,Actual
Oct-31-1956,3.9,NM,NM,NM,Actual
Sep-30-1956,3.9,NM,NM,NM,Actual
Aug-31-1956,4.1,NM,NM,NM,Actual
Jul-31-1956,4.4,NM,NM,NM,Actual
Jun-30-1956,4.3,NM,NM,NM,Actual
May-31-1956,4.3,NM,NM,NM,Actual
Apr-30-1956,4,NM,NM,NM,Actual
Mar-31-1956,4.2,NM,NM,NM,Actual
Feb-29-1956,3.9,NM,NM,NM,Actual
Jan-31-1956,4,NM,NM,NM,Actual
Dec-31-1955,4.2,NM,NM,NM,Actual
Nov-30-1955,4.2,NM,NM,NM,Actual
Oct-31-1955,4.3,NM,NM,NM,Actual
Sep-30-1955,4.1,NM,NM,NM,Actual
Aug-31-1955,4.2,NM,NM,NM,Actual
Jul-31-1955,4,NM,NM,NM,Actual
Jun-30-1955,4.2,NM,NM,NM,Actual
May-31-1955,4.3,NM,NM,NM,Actual
Apr-30-1955,4.7,NM,NM,NM,Actual
Mar-31-1955,4.6,NM,NM,NM,Actual
Feb-28-1955,4.7,NM,NM,NM,Actual
Jan-31-1955,4.9,NM,NM,NM,Actual
Dec-31-1954,5,NM,NM,NM,Actual
Nov-30-1954,5.3,NM,NM,NM,Actual
Oct-31-1954,5.7,NM,NM,NM,Actual
Sep-30-1954,6.1,NM,NM,NM,Actual
Aug-31-1954,6,NM,NM,NM,Actual
Jul-31-1954,5.8,NM,NM,NM,Actual
Jun-30-1954,5.6,NM,NM,NM,Actual
May-31-1954,5.9,NM,NM,NM,Actual
Apr-30-1954,5.9,NM,NM,NM,Actual
Mar-31-1954,5.7,NM,NM,NM,Actual
Feb-28-1954,5.2,NM,NM,NM,Actual
Jan-31-1954,4.9,NM,NM,NM,Actual
Dec-31-1953,4.5,NM,NM,NM,Actual
Nov-30-1953,3.5,NM,NM,NM,Actual
Oct-31-1953,3.1,NM,NM,NM,Actual
Sep-30-1953,2.9,NM,NM,NM,Actual
Aug-31-1953,2.7,NM,NM,NM,Actual
Jul-31-1953,2.6,NM,NM,NM,Actual
Jun-30-1953,2.5,NM,NM,NM,Actual
May-31-1953,2.5,NM,NM,NM,Actual
Apr-30-1953,2.7,NM,NM,NM,Actual
Mar-31-1953,2.6,NM,NM,NM,Actual
Feb-28-1953,2.6,NM,NM,NM,Actual
Jan-31-1953,2.9,NM,NM,NM,Actual
Dec-31-1952,2.7,NM,NM,NM,Actual
Nov-30-1952,2.8,NM,NM,NM,Actual
Oct-31-1952,3,NM,NM,NM,Actual
Sep-30-1952,3.1,NM,NM,NM,Actual
Aug-31-1952,3.4,NM,NM,NM,Actual
Jul-31-1952,3.2,NM,NM,NM,Actual
Jun-30-1952,3,NM,NM,NM,Actual
May-31-1952,3,NM,NM,NM,Actual
Apr-30-1952,2.9,NM,NM,NM,Actual
Mar-31-1952,2.9,NM,NM,NM,Actual
Feb-29-1952,3.1,NM,NM,NM,Actual
Jan-31-1952,3.2,NM,NM,NM,Actual
Dec-31-1951,3.1,NM,NM,NM,Actual
Nov-30-1951,3.5,NM,NM,NM,Actual
Oct-31-1951,3.5,NM,NM,NM,Actual
Sep-30-1951,3.3,NM,NM,NM,Actual
Aug-31-1951,3.1,NM,NM,NM,Actual
Jul-31-1951,3.1,NM,NM,NM,Actual
Jun-30-1951,3.2,NM,NM,NM,Actual
May-31-1951,3,NM,NM,NM,Actual
Apr-30-1951,3.1,NM,NM,NM,Actual
Mar-31-1951,3.4,NM,NM,NM,Actual
Feb-28-1951,3.4,NM,NM,NM,Actual
Jan-31-1951,3.7,NM,NM,NM,Actual
Dec-31-1950,4.3,NM,NM,NM,Actual
Nov-30-1950,4.2,NM,NM,NM,Actual
Oct-31-1950,4.2,NM,NM,NM,Actual
Sep-30-1950,4.4,NM,NM,NM,Actual
Aug-31-1950,4.5,NM,NM,NM,Actual
Jul-31-1950,5,NM,NM,NM,Actual
Jun-30-1950,5.4,NM,NM,NM,Actual
May-31-1950,5.5,NM,NM,NM,Actual
Apr-30-1950,5.8,NM,NM,NM,Actual
Mar-31-1950,6.3,NM,NM,NM,Actual
Feb-28-1950,6.4,NM,NM,NM,Actual
Jan-31-1950,6.5,NM,NM,NM,Actual
Dec-31-1949,6.6,NM,NM,NM,Actual
Nov-30-1949,6.4,NM,NM,NM,Actual
Oct-31-1949,7.9,NM,NM,NM,Actual
Sep-30-1949,6.6,NM,NM,NM,Actual
Aug-31-1949,6.8,NM,NM,NM,Actual
Jul-31-1949,6.7,NM,NM,NM,Actual
Jun-30-1949,6.2,NM,NM,NM,Actual
May-31-1949,6.1,NM,NM,NM,Actual
Apr-30-1949,5.3,NM,NM,NM,Actual
Mar-31-1949,5,NM,NM,NM,Actual
Feb-28-1949,4.7,NM,NM,NM,Actual
Jan-31-1949,4.3,NM,NM,NM,Actual
Dec-31-1948,4,NM,NM,NM,Actual
Nov-30-1948,3.8,NM,NM,NM,Actual
Oct-31-1948,3.7,NM,NM,NM,Actual
Sep-30-1948,3.8,NM,NM,NM,Actual
Aug-31-1948,3.9,NM,NM,NM,Actual
Jul-31-1948,3.6,NM,NM,NM,Actual
Jun-30-1948,3.6,NM,NM,NM,Actual
May-31-1948,3.5,NM,NM,NM,Actual
Apr-30-1948,3.9,NM,NM,NM,Actual
Mar-31-1948,4,NM,NM,NM,Actual
Feb-29-1948,3.8,NM,NM,NM,Actual
Jan-31-1948,3.4,NM,NM,NM,Actual
,,,,,
Economic Time Series Data Provided By:,,,,,
